NAME,NRLANGUAGES2010,FULLNAME,POPULATION2010,Age14,Age29,Age44,Age59,Age74
AF,30,Afghanistan,28398,6.9,16.3,72.3,212.3,424
AL,1,Albania,3150,13.6,22,100.1,344.5,767.6
DZ,13,Algeria,37063,11.3,22.2,99,262.3,539
AO,23,Angola,19549,5,12.9,66.1,188,500.5
AQ,0,Antarctica,0,0,0,0,0,0
AG,1,Antigua and Barbuda,87,0,0,0,0,0
AR,15,Argentina,40374,12.2,29.5,114.1,398.4,1060.8
AM,3,Armenia,2963,9.6,10.7,56,315.3,1093.1
AU,268,Australia,22404,17.8,50.9,272.9,919.9,2207.4
AT,2,Austria,8402,13.6,34,122.1,433.7,1220.2
AZ,8,Azerbaijan,9095,3.4,9.4,53.7,215.9,503.5
BS,2,Bahamas,360,5.3,20.4,121.1,337.2,877.2
BH,1,Bahrain,1252,8.8,11.5,34.9,154.3,553
BD,14,Bangladesh,151125,4.3,10.2,72.5,239.8,456.7
BB,1,Barbados,280,4.5,16.4,118.1,562.3,1128.1
BY,1,Belarus,9491,14.8,31.8,137.7,537.7,1274.3
BE,4,Belgium,10941,19.8,46.2,170.9,609.1,1711.9
BZ,2,Belize,309,6.9,7.2,43.5,281.9,528
BJ,40,Benin,9510,5.6,10.2,61.7,237.4,603.5
BT,20,Bhutan,717,1.6,12.5,40,173,434.2
BO,37,Bolivia,10157,8.5,20.3,102.8,290.5,575.5
BA,1,Bosnia and Herzegovina,3846,7.9,25.7,117.6,424.8,1116.3
BW,16,Botswana,1969,3.8,31.3,112.7,185.4,315.6
BR,201,Brazil,195210,15.8,30.6,114.1,380.8,1017.2
BN,5,Brunei,401,8.6,24.5,146,379.5,936.1
BG,2,Bulgaria,7389,12.8,26.3,127.2,484.7,1198
BF,52,Burkina Faso,15540,7.1,14.6,80.8,246.4,496.4
BI,1,Burundi,9233,8.3,31.5,107.7,265.4,584.7
KH,14,Cambodia,14365,6.6,15.2,56.5,229.4,580.5
CM,242,Cameroon,20624,4.8,20.1,110.7,229.9,375.5
CA,76,Canada,34126,18.9,43,154.3,542,1641.3
CV,1,Cape Verde,488,3.5,3.6,58.4,230.6,702.4
CF,56,Central African Republic,4350,5.7,14.3,75.1,185,371.4
TD,110,Chad,11721,6.6,19.8,84.6,197.3,361.6
CL,9,Chile,17151,14.7,25.8,84.5,283.9,966.4
CN,187,China,1359821,10.9,21.8,110.3,382.2,941.9
CO,82,Colombia,46445,14.6,27.2,94.9,275,830.3
KM,4,Comoros,683,6.1,16.3,73.4,198.2,450.1
CK,4,Cook Islands,20,0,0,0,0,0
CR,6,Costa Rica,4670,14.4,28.4,99.7,309.7,914.2
HR,5,Croatia,4338,18.2,37.8,142.5,535.2,1378.2
CU,2,Cuba,11282,12.1,24,94.5,383,1093.6
CW,1,Curacao,148,0,0,0,0,0
CY,1,Cyprus,1104,10.7,41.3,144.5,434.3,1143.7
CZ,4,Czechia,10554,10.9,33.2,121.8,496.3,1582.3
CD,183,Democratic Republic of the Congo,62191,5.9,22.4,71.2,181,463.9
DK,4,Denmark,5551,14.2,44,162,572.8,1725.3
DJ,0,Djibouti,834,7.2,13.8,76,206.8,338.7
DM,1,Dominica,71,0,0,0,0,0
DO,1,Dominican Republic,10017,11.9,19.4,94.9,297.1,771
TL,17,East Timor,1079,5.8,9.2,48.7,162.2,393.5
EC,18,Ecuador,15001,17.1,27.1,90.8,238.1,661.2
EG,6,Egypt,78076,12.6,18.1,86,321.7,689.8
SV,3,El Salvador,6218,14,25.4,100.1,240.7,529.9
GQ,9,Equatorial Guinea,696,4.3,15.6,87.3,207.2,414.5
ER,5,Eritrea,5741,9.2,18.6,89,214.6,356.7
EE,2,Estonia,1299,10.8,27.8,118.9,513.8,1500.6
ET,80,Ethiopia,87095,8.9,20.1,98.1,227.2,353.4
FK,0,Falkland Islands,3,0,0,0,0,0
FJ,8,Fiji,861,11.7,25.8,155.5,385.3,594.4
FI,7,Finland,5368,16.5,36.8,121.1,436.5,1312.1
FR,18,France,63231,16.1,44.4,179.4,648.5,1659.5
GF,3,French Guiana,231,5.3,12.4,101.5,435.8,1318.1
PF,7,French Polynesia,268,3.5,21.6,123.3,425.8,1250.2
TF,0,French Southern Territories,0,0,0,0,0,0
GA,27,Gabon,1556,4.7,15.9,84.4,203.9,480.1
GM,1,Gambia,1681,2.1,18.5,66.3,117.8,194.5
GE,8,Georgia,4389,9.6,17.6,74.7,291.8,680.3
DE,18,Germany,83017,17.7,42.6,155,523.9,1536.4
GH,64,Ghana,24263,6.2,12.5,72.9,238.2,569.5
GR,10,Greece,11110,16.7,44.2,140.4,495.2,1363.9
GL,1,Greenland,57,0,0,0,0,0
GP,1,Guadeloupe,459,6.9,16.8,115.5,484.8,1313.3
GU,1,Guam,159,0,5,59.9,341.3,906.2
GT,51,Guatemala,14342,14.4,18.4,75,217.5,537.3
GN,27,Guinea,10876,2.6,8.3,52.5,208.8,438.9
GW,12,Guinea-Bissau,1587,4.7,10.4,63.9,190.5,423.9
GY,8,Guyana,786,3.2,11.4,65.2,195.8,462.2
HT,2,Haiti,9896,11,17,87.1,214.7,553
HN,5,Honduras,7621,19,26.6,82,251.3,569
HK,1,Hong Kong,7050,0,0,0,0,0
HU,2,Hungary,10015,16.5,43.6,172.8,749.3,1783.8
IS,2,Iceland,318,7.1,25.6,108,451.1,1332.7
IN,368,India,1205625,7.8,12.6,64,181.5,383.3
ID,719,Indonesia,240676,12.7,17.7,90.1,284.6,593.4
IR,56,Iran,74462,13.6,21.3,72.7,227.2,623.2
IQ,12,Iraq,30962,10,16.5,67.8,218.6,453.3
IE,3,Ireland,4468,14.8,37.1,144.7,641.2,1920.5
IM,1,Isle of Man,84,0,0,0,0,0
IL,22,Israel,7420,13.8,32.9,123.7,414,1130
IT,19,Italy,60509,18,49,165,496.3,1374.6
CI,66,Ivory Coast,18977,5.4,8.4,55.2,190.7,530
JM,2,Jamaica,2741,9.7,20.8,107.1,374.8,1014.6
JP,14,Japan,127353,12.8,26,120.9,405.3,1212.1
JO,2,Jordan,6455,11.3,19.5,97.7,287.9,695.6
KZ,1,Kazakhstan,15921,8.7,16.5,75.4,337.1,880.2
KE,47,Kenya,40909,11.7,21.3,97,334.5,841.9
KI,1,Kiribati,98,0,0,0,0,0
XK,1,Kosovo,0,0,0,0,0,0
KW,0,Kuwait,2992,10.9,14.2,44.1,173.6,611.8
KG,2,Kyrgyzstan,5334,7.5,12.8,68.7,234.7,639.7
LA,50,Laos,6396,8.7,19,88,328.6,690
LV,3,Latvia,2091,15.4,25.8,143.3,576.1,1535.6
LB,0,Lebanon,4341,13.4,30.2,169.7,464.4,971.5
LS,1,Lesotho,2009,4.2,27.5,128.2,209.9,351.4
LR,25,Liberia,3958,3.6,7.6,56.5,201.7,482.2
LY,6,Libya,6041,10.4,13.8,63.5,214,564.9
LT,3,Lithuania,3068,15.2,27.6,139.1,613.7,1357.6
LU,1,Luxembourg,508,6.4,28.9,154,522.2,1571.1
MK,1,Macedonia,2102,10.3,21.9,109.7,490.3,1119.5
MG,11,Madagascar,21080,8.4,21.5,82.3,218.9,486.8
MW,8,Malawi,15014,21.4,60.6,207.2,352.4,485.5
MY,110,Malaysia,28276,14.8,17.7,80.3,266.4,621.5
MV,1,Maldives,326,7.7,8.1,72.4,263.7,527.1
ML,32,Mali,13986,12.1,19.4,103.9,279.9,554.8
MT,2,Malta,425,8.4,29.4,118.7,417.7,1221.4
MH,1,Marshall Islands,52,0,0,0,0,0
MR,3,Mauritania,3609,5.4,11.9,67.8,193.5,427.1
MU,1,Mauritius,1231,11.8,19.3,92.2,285,678.8
YT,1,Mayotte,204,0,0,0,0,0
MX,287,Mexico,117886,15.2,28.4,91.8,249.2,626.3
FM,17,Micronesia,104,0,0,0,0,0
MD,2,Moldova,3573,19.4,24.9,115.8,546.8,1276.5
MN,4,Mongolia,2713,4.2,11,82.1,420.3,1204.8
ME,0,Montenegro,620,0.84,15.4,125,504.2,1046.6
MA,7,Morocco,31642,11.7,17.6,88.4,301.7,603.9
MZ,30,Mozambique,23967,14.9,55.9,142,244.7,412.4
MM,85,Myanmar [Burma],51931,7.3,16.8,93.3,286.1,558.4
NA,16,Namibia,2179,2.7,22.7,108.4,248.6,517.6
NR,2,Nauru,10,0,0,0,0,0
NP,105,Nepal,26846,7.7,13.1,61.5,187.6,461
NL,12,Netherlands,16615,13.9,38.5,154.1,560.9,1697.7
NC,36,New Caledonia,246,13,25.2,137.3,544.5,1695.7
NZ,2,New Zealand,4368,15.7,47.5,260.4,830.7,2076.2
NI,8,Nicaragua,5822,13.7,24.1,88.4,243.4,614.5
NE,10,Niger,15894,5.6,20.1,67.4,142.2,262.7
NG,486,Nigeria,159708,6.8,17.7,81.8,210.8,445.2
NU,1,Niue,1,0,0,0,0,0
NF,1,Norfolk Island,0,0,0,0,0,0
KP,0,North Korea,24501,17.9,56.2,240.3,618.9,1334.1
MP,2,Northern Mariana Islands,54,0,0,0,0,0
NO,6,Norway,4891,14.1,42.9,153.7,551.5,1732.2
-99,0,Null,0,11.3,15.1,61.8,217.6,450.6
OM,7,Oman,2803,7.6,19.1,92.2,260.2,459.3
PK,57,Pakistan,173149,0,0,0,0,0
PW,3,Palau,20,10.5,18.3,89.4,267.3,641
PS,2,Palestine,4013,13.8,21.9,79.7,277.1,804.4
PA,7,Panama,3678,10.9,28.4,126.9,384.2,934.2
PG,826,Papua New Guinea,6859,15.3,26.9,110,330.2,726.9
PY,15,Paraguay,6460,15.2,27.8,106.7,303.5,844.8
PE,100,Peru,29263,10.8,17.9,84.4,290.9,739.3
PH,169,Philippines,93444,15.6,28.1,101.1,458.8,1329.2
PL,6,Poland,38199,17,38.2,148.5,506.7,1177.2
PT,3,Portugal,10590,14.9,36.5,146.9,485.2,1195.8
PR,1,Puerto Rico,3710,7.9,11,28.3,117.3,526.4
QA,0,Qatar,1750,4.3,6.3,34.2,125.4,391.2
RE,1,R??union,845,10,20.1,110.5,385.8,1056.5
CG,38,Republic of the Congo,4112,6.8,19.7,102,457.9,1128
RO,3,Romania,21861,12.8,24.8,110.7,433.7,1135.5
RU,91,Russia,143618,7.5,39.3,109.5,235.8,533.6
RW,1,Rwanda,10837,0,10.4,85,320.1,769.7
ST,3,S??o Tom?? and Pr??ncipe,178,0,0,0,0,0
LC,1,Saint Lucia,177,1.7,6.4,80.1,414,1128.3
VC,1,Saint Vincent and the Grenadines,109,2.3,9.3,66.6,138.6,738.7
WS,1,Samoa,186,12,19.1,57.1,148.5,378.7
SA,4,Saudi Arabia,27258,6.4,12.2,74.2,236,523.9
SN,25,Senegal,12951,18.9,38.7,160.3,671.3,1485.7
RS,5,Serbia,9647,0,0,0,0,0
SC,1,Seychelles,91,5.2,13.5,69.3,195.5,427.9
SL,12,Sierra Leone,5752,15.1,24.6,107.6,369.2,1129.7
SG,2,Singapore,5079,19,31.5,124.8,549.9,1499.5
SK,2,Slovakia,5433,11.7,34.7,134.5,559.6,1553.3
SI,1,Slovenia,2054,6.4,22.7,112.3,270.2,483.1
SB,71,Solomon Islands,526,9.8,21.5,99.5,260.4,480
SO,8,Somalia,9636,7.5,32.3,138.3,384,925
ZA,19,South Africa,51452,8.3,16,85.7,321.3,769.6
KR,2,South Korea,48454,8.9,21.7,87.7,234.9,503.6
SS,53,South Sudan,9941,15.3,33.4,123.7,487.1,1369.6
ES,14,Spain,46182,13.8,18.7,65.3,181.6,334.3
LK,5,Sri Lanka,20759,9.7,15.5,75.2,208.1,354.7
SD,63,Sudan,35652,8.4,22.5,107.4,250.2,844.9
SR,11,Suriname,525,2.4,27,145.8,226.3,384.7
SZ,1,Swaziland,1193,15.4,38.3,139.3,481.6,1523.2
SE,11,Sweden,9382,15.2,38.6,140.4,498.2,1568
CH,6,Switzerland,7831,11.3,24.1,114.7,326.6,708.1
SY,3,Syria,21533,0,0,0,0,0
TW,22,Taiwan,23146,6.2,12.6,53.7,163.9,397.9
TJ,5,Tajikistan,7627,6.8,19.1,83.8,241.7,591.5
TZ,110,Tanzania,44973,12.4,21.1,90.8,298.4,710.9
TH,33,Thailand,66402,5.5,13.7,70.2,206,448.9
TG,19,Togo,6306,0,0,0,0,0
TK,1,Tokelau,1,0,0,0,0,0
TO,3,Tonga,104,4.8,16.8,98.5,366.4,815.5
TT,2,Trinidad and Tobago,1328,11.1,19,71.4,219.4,489
TN,4,Tunisia,10632,17.7,30.3,120,418.3,1057
TR,11,Turkey,72138,8.3,18.7,80.7,245.6,515.4
TM,2,Turkmenistan,5042,0,0,0,0,0
TC,1,Turks and Caicos Islands,31,0,0,0,0,0
TV,1,Tuvalu,10,0,0,0,0,0
VI,2,U.S. Virgin Islands,106,10,39,132.6,287.1,583.4
UG,34,Uganda,33987,15.6,31.1,123.2,459.9,1079.9
UA,5,Ukraine,46050,12.3,8.7,22.4,122,658.2
AE,1,United Arab Emirates,8442,15.6,39.5,152.1,512.7,1551.8
GB,13,United Kingdom,62066,18.1,38.6,151.3,589.3,1752.4
US,210,United States,312247,14.2,35.5,130.2,465.9,1293.5
UY,1,Uruguay,3372,4.9,11.5,48.9,169.2,441.2
UZ,5,Uzbekistan,27769,5,28.6,90.4,182,451.5
VU,108,Vanuatu,236,0,0,0,0,0
VA,2,Vatican City,1,15.3,25.3,101.3,333.4,838.8
VE,27,Venezuela,29043,14,22.1,107.9,356,604
VN,79,Vietnam,89047,0,0,0,0,0
WF,2,Wallis and Futuna,14,0,0,0,0,0
EH,0,Western Sahara,515,10.1,18.7,60.3,132.9,293.6
YE,6,Yemen,22763,10.1,25.7,100.3,233.4,608.3
ZM,26,Zambia,13217,7.3,26.3,129.8,334.3,896.6
ZW,7,Zimbabwe,13077,,,,,
